Modality,Peak_r,Peak_lag_s
BOLD,0.171214312652557,4
NE,0.396220441713452,9.99
ACh,0.620980775264809,-4.995
