State,Mean_BOLD_z
ON,0.0757825959318786
OFF,-0.192345378965739
